Title,drwg_link,icon
BF1 Tilting VFD,https://bfapps75845438.wordpress.com/wp-content/uploads/2022/02/tilting_vvfd_panel_dwg.pdf,https://cdn4.iconfinder.com/data/icons/industry-37/64/technology-machine-factory-industry-industrial-logistics-conveyor-shipping_and_delivery-256.png
BF1 Rotating VFD,https://bfapps75845438.wordpress.com/wp-content/uploads/2022/02/rotating-vvfd-panel-dwg.pdf,https://cdn3.iconfinder.com/data/icons/ui-arrows-2/145/51-512.png
BF1 PCI HVLC DRAWING,https://bfapps75845438.wordpress.com/wp-content/uploads/2022/02/pci-hvlc-outgoing-feeder.pdf,https://cdn4.iconfinder.com/data/icons/engineering-56/64/34_Electric_Engineering_electricity_high_voltage_pole_factory_industry_manufacturing_tower_pillar_power_generation34_Electric_Engineering_electricity_high_voltage_pol-512.png
BF1 NGEF LC DRAWING,https://bfapps75845438.wordpress.com/wp-content/uploads/2022/02/ngef-lc-drawings.pdf,https://cdn4.iconfinder.com/data/icons/signal-and-prohibitions-1/64/signal_and_prohibition-08-512.png
BF1 RING CRANE2 LT VFD,https://bfapps75845438.wordpress.com/wp-content/uploads/2022/02/ringcrane2-lt-vfd.pdf,https://cdn3.iconfinder.com/data/icons/crane-2/500/yul454_17_ring_crane_excavator_business_car_silhouette_construction-512.png
BF1 PUSHER CAR,https://bfapps75845438.wordpress.com/wp-content/uploads/2022/02/pushercar-drawing.pdf,https://cdn2.iconfinder.com/data/icons/hobbies-soft-fill/60/model-trains-pastime-activities-hobbies-256.png
BF1 PUSHER CAR 225 226 MODIFIED,https://bfapps75845438.wordpress.com/wp-content/uploads/2024/02/bf1-pusher-car-225-226-modified.pdf,https://cdn3.iconfinder.com/data/icons/transport-204/64/Locomotive-railway-train-transport-vehicle-128.png
BF1 AB VFD POWER FLEX 750 MANUAL,https://bfapps75845438.wordpress.com/wp-content/uploads/2022/02/750-pm001_-en-p_optimize.pdf,https://cdn4.iconfinder.com/data/icons/materia-color-hardware/24/002_051_sound_wave_sine_synth_music-512.png
BF1 PLC CONFIG PW FMS PLC UPDATE,https://bfapps75845438.wordpress.com/wp-content/uploads/2022/02/bf1-plc-configuration.pdf,https://cdn1.iconfinder.com/data/icons/data-science-flat-1/64/algorithm-plan-process-flow-chart-logic-512.png
BF1 STOVE HMI NETWORK MODFICATION,https://bfapps75845438.wordpress.com/wp-content/uploads/2022/02/stoves-network-modification-diagram_1.pdf,https://cdn3.iconfinder.com/data/icons/servers-and-networks-soft-fill/60/Network-Firewall-flames-bricks-512.png
BF1 COMMON BRAKE,https://bfapps75845438.wordpress.com/wp-content/uploads/2022/02/common-brake-resistance.pdf,https://cdn4.iconfinder.com/data/icons/nuuline-fill-car-parts-service-repair/150/service_repair_automotive-18-512.png
BF1 DG SET,https://bfapps75845438.wordpress.com/wp-content/uploads/2022/02/dg-set-bf1-and-2.pdf,https://cdn1.iconfinder.com/data/icons/sustainable-energy-flaticon/64/generator-ecology_and_environment-industry-energy-technology-512.png
BF1 15 BK LIMIT VALVE,https://bfapps75845438.wordpress.com/wp-content/uploads/2022/02/stove-15-valve1.pdf,https://img.jeawincdn.com/resource/upfiles/111/images/products/valves/butterfly-valves/counter-weight-hydraulic-control-check-butterfly-valve.png
BF1 PAUL WURTH TELPHER 10 T,https://bfapps75845438.wordpress.com/wp-content/uploads/2022/02/paulwurth-telpher-10t1.pdf,https://cdn0.iconfinder.com/data/icons/labor-day-32/64/Crane-256.png
BF1 14PCY MCC ,https://bfapps75845438.wordpress.com/wp-content/uploads/2022/02/14pcy-mcc1.pdf,https://cdn2.iconfinder.com/data/icons/caution-warning-yellow-signs/600/ISO_7010_W012-512.png
BF1 RING CRANE 1 MAIN HOIST MH,https://bfapps75845438.wordpress.com/wp-content/uploads/2022/02/ringcrane1-mh1.pdf,https://cdn1.iconfinder.com/data/icons/building-colored/512/crane_1-512.png
BF1 RING CRANE 2 PP ,https://bfapps75845438.wordpress.com/wp-content/uploads/2022/02/ringcrane-2-protective-panel-bf11.pdf,https://cdn2.iconfinder.com/data/icons/nuuline-fill-construction-industry/150/construction_tool_machinery_industry-12-256.png
BF1 PCI HGG,https://bfapps75845438.wordpress.com/wp-content/uploads/2022/02/hgg2-wiring-diagram1.pdf,https://cdn0.iconfinder.com/data/icons/industry-oil-gas-power-colours/91/Industry_Oil_Gas_Power_03-512.png
BF1 PCI MCC DRAWING LT,https://bfapps75845438.wordpress.com/wp-content/uploads/2022/02/pci-lt-mcc-outgoing-feeder1.pdf,https://cdn0.iconfinder.com/data/icons/construction-306/64/ELECTRIC_CONTROL-cabinet-box-control-electrical-256.png
BF1 PCI N2 COMPRESSOR HVLC,https://bfapps75845438.wordpress.com/wp-content/uploads/2022/02/pci-n2-compressor-hvlc-drawing1.pdf,https://cdn0.iconfinder.com/data/icons/construction-tools-20/64/air_compressor-home_repair-air-Compressor_-256.png
BF1 PCI COMPRESSOR,https://bfapps75845438.wordpress.com/wp-content/uploads/2022/02/bf1-compressor-1-2.pdf,https://cdn0.iconfinder.com/data/icons/construction-tool-19/64/air-compressor-pressure-pump-engine-256.png
"BF1 STOOVE 1,2,4 HYDRALIC MOTORS DOL",https://bfapps75845438.wordpress.com/wp-content/uploads/2022/12/stoves-124-hydraulic-motors-dol-drawing.pdf,https://cdn2.iconfinder.com/data/icons/cars-flat-vol-2/104/performance__speed__meter__gauge__pressure-512.png
BF1 ROKING RUNNER RR 1 to 4,https://bfapps75845438.wordpress.com/wp-content/uploads/2023/01/bf1-rr1-to-rr4-drawing.pdf,https://cdn0.iconfinder.com/data/icons/equipments-and-item-fantasy-game/600/plank_wood_wooden_board_timber_surface-512.png
BF1 DCS800 Dehydrator,https://bfapps75845438.wordpress.com/wp-content/uploads/2024/02/bf1-dcs800-dehydrator.pdf,https://cdn1.iconfinder.com/data/icons/fan-and-air-conditioning-filled/64/fan_Air_Ventilation-31-128.png
BF2 Rotating VFD,https://bfapps75845438.wordpress.com/wp-content/uploads/2022/02/bf2-rotating-vfd-drive-panel.pdf,https://cdn2.iconfinder.com/data/icons/gutter/500/vab710_13_chute_gutter_isometric_cartoon_logo_water_house-512.png
BF2 Tilting VFD,https://bfapps75845438.wordpress.com/wp-content/uploads/2022/02/bf2-tilting-drive-panel.pdf,https://cdn0.iconfinder.com/data/icons/public-transport-16/100/08cable_elevator_inclined_logo_public_railway_transport-512.png
BF2 BLT LUBRICATION LCP,https://bfapps75845438.wordpress.com/wp-content/uploads/2022/02/bf2-blt-lubrication-lcp.pdf,https://cdn0.iconfinder.com/data/icons/car-repair-7/64/Automotive_can_lubricant_oil-256.png
BF2 BLT LUBRICATION LCP HARWIRE,https://bfapps75845438.wordpress.com/wp-content/uploads/2022/02/bf2-blt-lubrication-lcp-harwire.pdf,https://cdn1.iconfinder.com/data/icons/oil-industry-flaticon/64/oiler-petroleum-lubricant-bottle-industry-256.png
BF2 AC STATION VALVES,https://bfapps75845438.wordpress.com/wp-content/uploads/2022/02/bf2-ac-station-valves.pdf,https://cdn0.iconfinder.com/data/icons/construction-flat-3/64/valve-pipe-construction-256.png
BF2 AC STATION VALVES CONTROL WIRE,https://bfapps75845438.wordpress.com/wp-content/uploads/2022/02/bf2-ac-station-valves-control-wire.pdf,https://cdn4.iconfinder.com/data/icons/industrial-color-line/64/Valve-256.png
BF2 AC STATION MCC,https://bfapps75845438.wordpress.com/wp-content/uploads/2022/02/bf2-ac-station-mcc.pdf,https://cdn1.iconfinder.com/data/icons/electrician-6/64/electric_danger_sign-signaling-warning-triangle-256.png
BF2 STOVES CONTROL ABT,https://bfapps75845438.wordpress.com/wp-content/uploads/2022/02/bf2-stoves-control-abt.pdf,https://cdn0.iconfinder.com/data/icons/security-protection-3/64/Security-51-256.png
BF2 STOVE 5,https://bfapps75845438.wordpress.com/wp-content/uploads/2022/02/bf2-stove-5.pdf,https://cdn4.iconfinder.com/data/icons/modern-technologies/32/technology_firewall_antivirus_protection-64-512.png
BF2 STOVE 6,https://bfapps75845438.wordpress.com/wp-content/uploads/2022/02/bf2-stove-6.pdf,https://cdn4.iconfinder.com/data/icons/modern-technologies/32/technology_firewall_antivirus_protection-51-512.png
BF2 STOVE 7,https://bfapps75845438.wordpress.com/wp-content/uploads/2022/02/bf2-stove-7.pdf,https://cdn3.iconfinder.com/data/icons/scenarium-vol-19/128/019_013_fire_wall_firewall_security-256.png
BF2 SNORT,https://bfapps75845438.wordpress.com/wp-content/uploads/2022/02/bf2-snort_steam.pdf,https://cdn2.iconfinder.com/data/icons/pollution-14/340/pipe_pollution_leak_industry_leaking_construction_gas_valve-512.png
BF2 200 BD VALVE,https://bfapps75845438.wordpress.com/wp-content/uploads/2022/02/bf2-200_new_bd_fdr_ref.pdf,https://cdn1.iconfinder.com/data/icons/pipes-water-flow-cartoony/61/74_-Valve-_water_flow-256.png
BF2 101 VALVE CONTROL,https://bfapps75845438.wordpress.com/wp-content/uploads/2022/02/bf2-101-valve-control.pdf,https://cdn1.iconfinder.com/data/icons/pipes-water-flow-retro/61/74_-Valve-_water_flow-256.png
BF2 NCS VALVES,https://bfapps75845438.wordpress.com/wp-content/uploads/2022/02/bf2-ncs_mcc.pdf,https://cdn0.iconfinder.com/data/icons/technical-mechanisms/500/vi125_7_valve_cartoon_object_logo_pressure_meter_control-128.png
BF2 Tuyer NOSE booster TNB PUMP,https://bfapps75845438.wordpress.com/wp-content/uploads/2022/02/bf2-tuyere-nose-pump-drive-wiring.pdf,https://cdn3.iconfinder.com/data/icons/rcons-plumbing-and-heating-supplies/64/pump_water_electric_plumbing_heating-256.png
BF2 DOOM COOLING VALVE,https://bfapps75845438.wordpress.com/wp-content/uploads/2022/02/bf2-doom-cooling-valve.pdf,https://cdn2.iconfinder.com/data/icons/aquarium-equipment/512/Aquarium-Equipment_filter-water-pump-36-256.png
BF2 STOCK ROD,https://bfapps75845438.wordpress.com/wp-content/uploads/2022/02/bf2-stock-rod-panel-wiring.pdf,https://cdn4.iconfinder.com/data/icons/architecture-15/64/road_drill-drilling-machine-construction-256.png
BF2 CONCORD WINCH,https://bfapps75845438.wordpress.com/wp-content/uploads/2022/02/bf2-concurd_winch.pdf,https://cdn4.iconfinder.com/data/icons/offroad-accessories-filled-line/48/Front_Winch-2-256.png
BF2 PUSHER CAR 5 & 6,https://bfapps75845438.wordpress.com/wp-content/uploads/2022/02/bf2-pusher-car-5-6.pdf,https://cdn1.iconfinder.com/data/icons/transport-trains/98/locomotive_diesel-256.png
BF2 PUSHER CAR 7&8,https://bfapps75845438.wordpress.com/wp-content/uploads/2022/02/bf2-pusher-car-78.pdf,https://cdn3.iconfinder.com/data/icons/baby-and-kids-3-2/512/104-256.png
BF2 SGP VACCUM CONTACTOR,https://bfapps75845438.wordpress.com/wp-content/uploads/2022/02/bf2-sgp-vaccum-contactor.pdf,https://i.stack.imgur.com/fnEj4.gif
BF2 RING CRANES,https://bfapps75845438.wordpress.com/wp-content/uploads/2022/02/bf2-ring_crane_asbuilt.pdf,https://cdn1.iconfinder.com/data/icons/engineer-construction/512/crane_hook_construction_lift-256.png
BF2 CAST HOUSE CONTROL DESK,https://bfapps75845438.wordpress.com/wp-content/uploads/2022/02/bf2-casthouse-control-desk.pdf,https://cdn3.iconfinder.com/data/icons/prettycons-delivery-vol-1-flat/58/21-Control_Station-delivery_package_track_receive-128.png
BF2 7PCY PAUL WURTH PDB,https://bfapps75845438.wordpress.com/wp-content/uploads/2022/02/bf2-7pcy_pdb.pdf,https://mikmargracindo.com/wp-content/uploads/2018/07/mcc-1.jpg
BF2 BLT NITROGEN VALVES,https://bfapps75845438.wordpress.com/wp-content/uploads/2022/02/bf2-nitrogenvalves.pdf,https://cdn0.iconfinder.com/data/icons/industry-26/128/cb-334-256.png
BF2 60 KVA UPS SCHEME,https://bfapps75845438.wordpress.com/wp-content/uploads/2022/02/bf2-60-kva-ups-scheme.pdf,https://cdn3.iconfinder.com/data/icons/disaster-recovery-flat/59/006_-_UPS-256.png
BF2 ESP 180 KW SOFT STARTER,https://bfapps75845438.wordpress.com/wp-content/uploads/2022/02/bf2-esp-180-kw-soft-starter.pdf,https://cdn0.iconfinder.com/data/icons/electricity-13/64/contactor-fuse-electro-electric-power-256.png
BF2 ESP 1000KW HT SOFT STARTER,https://bfapps75845438.wordpress.com/wp-content/uploads/2022/02/bf2-esp-1000kw-ht-soft-starter.pdf,https://cdn0.iconfinder.com/data/icons/electricity-14/64/contactor-fuse-electro-electric-power-128.png
BF2 ESP MIGI RAPPER DISTRIBUTION,https://bfapps75845438.wordpress.com/wp-content/uploads/2022/02/bf2-esp-migi-rapper-distribution.pdf,https://encrypted-tbn0.gstatic.com/images?q=tbn:ANd9GcTjtdtvKPHGp9VukEuJ1paNc8SCTFI39I8_iw&usqp=CAU
BF2 ESP MICRO TAPPER,https://bfapps75845438.wordpress.com/wp-content/uploads/2022/02/bf2-esp-micro-tapper.pdf,https://cdn0.iconfinder.com/data/icons/Hosting_Icons/128/control-panel-px-png.png
BF2 BLT PLC 2R1-1 PANEL,https://bfapps75845438.wordpress.com/wp-content/uploads/2022/02/bf2-blt-plc-2r1-1-panel.pdf,https://cdn3.iconfinder.com/data/icons/interface-filled-outline/512/1_operating_system_monitor_computer_folder_interface_decktop-256.png
BF2 BLT PLC 2R1-2 PANEL,https://bfapps75845438.wordpress.com/wp-content/uploads/2022/02/bf2-blt-plc-2r1-2-panel.pdf,https://cdn0.iconfinder.com/data/icons/coding-and-programming-color/64/setting-gear-window-control-panel-256.png
BF2 BLT PLC 2R1-3 PANEL,https://bfapps75845438.wordpress.com/wp-content/uploads/2022/02/bf2-blt-plc-2r1-3-panel.pdf,https://cdn1.iconfinder.com/data/icons/computer-hardware-529/64/Motherboard-computer-chip-cpu-electronic-256.png
BF2 CH PLC 12R1-1 PANEL,https://bfapps75845438.wordpress.com/wp-content/uploads/2022/02/bf2-ch-plc-12r1-1-panel.pdf,https://cdn2.iconfinder.com/data/icons/communication-media-vol-1/512/cpu_hardware_computer_processor-256.png
BF2 CH PLC 12R1-2 PANEL,https://bfapps75845438.wordpress.com/wp-content/uploads/2022/02/bf2-ch-plc-12r1-2-panel.pdf,https://cdn1.iconfinder.com/data/icons/communication-flat-circle-shadow-vol-2/150/computer__pc__system__cpu-256.png
BF2 CH PLC 12R1-3 PANEL,https://bfapps75845438.wordpress.com/wp-content/uploads/2022/02/bf2-ch-plc-12r1-3-panel.pdf,https://cdn1.iconfinder.com/data/icons/popicon-part-3/256/14-256.png
BF2 FMS PLC 1R1-1 PANEL,https://bfapps75845438.wordpress.com/wp-content/uploads/2022/02/bf2-fms-plc-1r1-1-panel.pdf,https://cdn0.iconfinder.com/data/icons/robotics-engineering-8/64/Microcontroller-mainboard-processor-chip-operator-256.png
BF2 FMS PLC 1R1-2 PANEL,https://bfapps75845438.wordpress.com/wp-content/uploads/2022/02/bf2-fms-plc-1r1-2-panel.pdf,https://cdn3.iconfinder.com/data/icons/vol-2/128/chip-256.png
BF2 FMS PLC 1R1-3 PANEL,https://bfapps75845438.wordpress.com/wp-content/uploads/2022/02/bf2-fms-plc-1r1-3-panel.pdf,https://cdn3.iconfinder.com/data/icons/chat-bot-blue-filled-color/300/215314424Untitled-3-256.png
BF2 FMS PLC 1R1-4 PANEL,https://bfapps75845438.wordpress.com/wp-content/uploads/2022/02/bf2-fms-plc-1r1-4-panel.pdf,https://cdn2.iconfinder.com/data/icons/robotics-butterscotch-vol-1/512/AI-256.png
BF2 FMS PLC 1R1-5 PANEL,https://bfapps75845438.wordpress.com/wp-content/uploads/2022/02/bf2-fms-plc-1r1-5-panel.pdf,https://cdn3.iconfinder.com/data/icons/science-indigo-vol-1/256/Electronics-256.png
BF2 FMS PLC 1R1-6 PANEL,https://bfapps75845438.wordpress.com/wp-content/uploads/2022/02/bf2-fms-plc-1r1-6-panel.pdf,https://cdn4.iconfinder.com/data/icons/it-components-2/24/microchip_processor_chip_cpu_fast_turbo_boost-256.png
BF2 GCP PLC 8R1-1 PANEL,https://bfapps75845438.wordpress.com/wp-content/uploads/2022/02/bf2-gcp-plc-8r1-1-panel.pdf,https://cdn4.iconfinder.com/data/icons/seo-and-digital-marketing-2-2/128/80-256.png
BF2 GCP PLC 8R1-2 PANEL,https://bfapps75845438.wordpress.com/wp-content/uploads/2022/02/bf2-gcp-plc-8r1-2-panel.pdf,https://cdn2.iconfinder.com/data/icons/engineering-butterscotch-vol-1/512/Electronics-512.png
BF2 STOVES PLC 10R1-1 PANEL,https://bfapps75845438.wordpress.com/wp-content/uploads/2022/02/bf2-stoves-plc-10r1-1-panel.pdf,https://cdn2.iconfinder.com/data/icons/engineering-butterscotch-vol-1/512/Circuit_Board-512.png
BF2 STOVES PLC 10R1-2 PANEL,https://bfapps75845438.wordpress.com/wp-content/uploads/2022/02/bf2-stoves-plc-10r1-2-panel.pdf,https://cdn4.iconfinder.com/data/icons/big-data-free/32/Data-08-256.png
BF2 STOVES PLC 10R1-3 PANEL,https://bfapps75845438.wordpress.com/wp-content/uploads/2022/02/bf2-stoves-plc-10r1-3-panel.pdf,https://cdn3.iconfinder.com/data/icons/network-and-communications-8/32/network_hardware_processor_microprocessor-256.png
BF2 STOVES PLC 10R2-1 PANEL,https://bfapps75845438.wordpress.com/wp-content/uploads/2022/02/bf2-stoves-plc-10r2-1-panel.pdf,https://cdn4.iconfinder.com/data/icons/it-components-2/24/microchip_processor_chip_cpu_hot_burn-256.png
BF2 BLT CRANE,https://bfapps75845438.wordpress.com/wp-content/uploads/2022/02/bf2-blt-crane.pdf,https://cdn0.iconfinder.com/data/icons/logistics-rounded-volume-1/512/Container_Crane-256.png
BF2 BLT EOT CRANE,https://bfapps75845438.wordpress.com/wp-content/uploads/2022/02/bf2-blt-eot-crane.pdf,https://cdn4.iconfinder.com/data/icons/construction-icon-set/748/Flat_Design_Single_05_2016_construction_30-256.png
BF3 CONVEYOR ROUTE,https://bfapps75845438.wordpress.com/wp-content/uploads/2022/02/bf3-conveyor-route.pdf,https://cdn4.iconfinder.com/data/icons/manufacturing-flat/48/worker_conveyor-256.png
BF3 COUT OFF VALVE,https://bfapps75845438.wordpress.com/wp-content/uploads/2022/02/bf3-cut-off-valve.pdf,https://cdn4.iconfinder.com/data/icons/flat-industrial-equipment-1/32/fluid_shut_off_close_open_butterfly_valve-256.png
BF3 PUSHER CAR,https://bfapps75845438.wordpress.com/wp-content/uploads/2022/02/bf3-pusher-car.pdf,https://cdn3.iconfinder.com/data/icons/transport-99/92/40-256.png
BF3 315KW SLURRY PUMP DELTA DRIVE DDP-VZ-355-21-A01,https://bfapps75845438.wordpress.com/wp-content/uploads/2022/04/bf3-315kw-slurry-pump-delta-drive-ddp-vz-355-21-a01.pdf,https://cdn4.iconfinder.com/data/icons/it-components-2/24/hard_drive_disc_memory-256.png
BF3 CASTHOUSE CRANE EOT 35/10T CRANE,https://bfapps75845438.wordpress.com/wp-content/uploads/2022/11/ring-crane-drawing.pdf,https://cdn2.iconfinder.com/data/icons/civil-engineering-soft-fill/60/Crane-Operation-machinery-vehicle-crane-operation-wood-512.png
BF3 DELTA DRIVE CH2000 USER MANUAL,https://bfapps75845438.wordpress.com/wp-content/uploads/2022/11/south-side-eot-main-hoist-delta-drive.pdf,https://cdn0.iconfinder.com/data/icons/education-knowledge/48/know_how-1024.png
BF3 EMERGENCY PANEL SCHEME,https://bfapps75845438.wordpress.com/wp-content/uploads/2022/11/emg-pnl-scheme.pdf,https://cdn2.iconfinder.com/data/icons/industry-filled-outline-3/340/fire_mechanical_industry_industrial_welding_emergency_accident-512.png
BF3 CAST HOUSE LOTUS RADIO REMOTE,https://bfapps75845438.wordpress.com/wp-content/uploads/2022/11/lotus-wireless-remote.pdf,https://cdn0.iconfinder.com/data/icons/robotics-engineering-11/64/Remote-control-joystick-radio-console-512.png
BF3 STOVES MODIFIED,https://bfapps75845438.wordpress.com/wp-content/uploads/2022/11/hot-stoves-modified.pdf,https://cdn0.iconfinder.com/data/icons/security-protection/64/Security-52-512.png
BF3 ROCKING RUNNER RR,https://bfapps75845438.wordpress.com/wp-content/uploads/2022/11/rockingrunner-rr.pdf,https://cdn0.iconfinder.com/data/icons/equipments-and-item-fantasy-game/600/plank_wood_wooden_board_timber_surface-512.png
BF3 POWER SYSTEM SCHEME,https://bfapps75845438.wordpress.com/wp-content/uploads/2022/11/bf-3-power-system.pdf,https://cdn4.iconfinder.com/data/icons/signal-and-prohibitions-1/64/signal_and_prohibition-08-512.png
BF3 DCS CONFIGUARATION,https://bfapps75845438.wordpress.com/wp-content/uploads/2022/11/dcs-configaration-new.pdf,https://cdn1.iconfinder.com/data/icons/marketing-and-seo-color-line-set/64/marketing-04-512.png
BF3 Drag Chain Conveyor DCC DRAWING,https://bfapps75845438.wordpress.com/wp-content/uploads/2024/02/bf3-drag-chain-conveyor-dcc-drawing.pdf,https://cdn0.iconfinder.com/data/icons/supply-chain-dualine-flat/64/Conveyor-128.png
BHS 1 CENTRE COKE FINES CONVEYORS PANEL,https://bfapps75845438.wordpress.com/wp-content/uploads/2022/08/bhs-1-centre-coke_fines-mcc-_c_uic0_rb_93_012-e_str012_02_scan.pdf,https://cdn1.iconfinder.com/data/icons/power-and-energy-10/48/vector_764_01-256.png
BHS1 PLC PANEL DRAWINGS,https://bfapps75845438.wordpress.com/wp-content/uploads/2022/12/bhs1_plc_final_drawing.pdf,https://cdn4.iconfinder.com/data/icons/miscellaneous-405-color-shadow/128/plc_controller_network_programming_digital_equipment_automatic_cabinet_circuit-512.png
BHS1 D1 PLC PANEL DRAWINGS,https://bfapps75845438.wordpress.com/wp-content/uploads/2022/12/d1_plc_panel_drawing.pdf,https://cdn1.iconfinder.com/data/icons/cloud-data-color-shadow/128/computer-hardware_electronic_circuit_technology_motherboard_chip-256.png
BHS 2 CENTRE COKE FINES CONVEYORS PANEL,https://bfapps75845438.wordpress.com/wp-content/uploads/2022/12/bhs-2-edited.pdf,https://cdn4.iconfinder.com/data/icons/industry-ultra/60/056_-_Coal-512.png
BHS 3 CK3A DRIVE 1,https://bfapps75845438.wordpress.com/wp-content/uploads/2022/02/bhs-3-ck3a-drive-1.pdf,https://cdn0.iconfinder.com/data/icons/mining-glyph/100/mining-32-256.png
BHS 3 CK3A DRIVE 2,https://bfapps75845438.wordpress.com/wp-content/uploads/2022/02/bhs-3-ck3a-drive-2.pdf,https://cdn0.iconfinder.com/data/icons/mining-filled-line/100/mining-52-512.png
BHS 3 CK3B CARRIAGE,https://bfapps75845438.wordpress.com/wp-content/uploads/2022/02/bhs-3-ck3b-carriage.pdf,https://cdn3.iconfinder.com/data/icons/industrial-process-filled-line/2048/5842_-_Conveyor_III-256.png
BHS 3 CK3B CONVEYOR,https://bfapps75845438.wordpress.com/wp-content/uploads/2022/02/bhs-3-ck3b-conveyor.pdf,https://cdn1.iconfinder.com/data/icons/mining-4/200/663-256.png
BHS 3 CK4A DRIVE 1,https://bfapps75845438.wordpress.com/wp-content/uploads/2022/02/bhs-3-ck4a-drive-1.pdf,https://cdn2.iconfinder.com/data/icons/mining-8/500/716-256.png
BHS 3 CK4A DRIVE 2,https://bfapps75845438.wordpress.com/wp-content/uploads/2022/02/bhs-3-ck4a-drive-2.pdf,https://cdn0.iconfinder.com/data/icons/factory-garbage-waste/100/waste_sorting_conveyor_belt_color_industry_plant-256.png
BHS 3 CKF1 CONVEYOR,https://bfapps75845438.wordpress.com/wp-content/uploads/2022/02/bhs-3-ckf1-conveyor.pdf,https://cdn1.iconfinder.com/data/icons/industry-cartoon-2/512/g24598-256.png
BHS 3 CKF2 CONVEYOR,https://bfapps75845438.wordpress.com/wp-content/uploads/2022/02/bhs-3-ckf2-conveyor.pdf,https://cdn4.iconfinder.com/data/icons/fineline-fill-cargo-shipping-and-logistics/128/cargo_shipping_logstics_transport-21-256.png
BHS 3 CO68A HT CONVEYOR,https://bfapps75845438.wordpress.com/wp-content/uploads/2022/02/bhs-3-co68a-ht-conveyor.pdf,https://cdn3.iconfinder.com/data/icons/logistics-shipping-7/64/conveyor_belt_cardboard_boxes_box_factory_industry-256.png
BHS 3 CO69A CONVEYOR,https://bfapps75845438.wordpress.com/wp-content/uploads/2022/02/bhs-3-co69a-conveyor.pdf,https://cdn4.iconfinder.com/data/icons/conveyor-factory-tool-1/100/conveyor_01_01_06_conveyer_belt_factory_tool_plant_equipment_transportation-256.png
BHS 3 RSCO14A CONVEYOR,https://bfapps75845438.wordpress.com/wp-content/uploads/2022/02/bhs-3-rsco14-conveyor.pdf,https://cdn4.iconfinder.com/data/icons/manufacture-robotics-1/50/39-256.png
BHS 3 RSCO14A CARRIAGE,https://bfapps75845438.wordpress.com/wp-content/uploads/2022/02/bhs-3-rsco14a-carriage.pdf,https://cdn2.iconfinder.com/data/icons/coal-industry/500/vab263_10_coal_conveyor_isometric_cartoon_belt_industry_mine-256.png
BHS 3 SC4 CONVEYOR,https://bfapps75845438.wordpress.com/wp-content/uploads/2022/02/bhs-3-sc-4.pdf,https://cdn1.iconfinder.com/data/icons/chicken-coop/1200/Single_3CartoonKuryatnikAnnSo-256.png
BHS 3 SC2A CONVEYOR,https://bfapps75845438.wordpress.com/wp-content/uploads/2022/02/bhs-3-sc2a-conveyor.pdf,https://cdn3.iconfinder.com/data/icons/industrial-process-flat-colorful/2048/5840_-_Conveyor_I-256.png
BHS 3 SC3 CONVEYOR,https://bfapps75845438.wordpress.com/wp-content/uploads/2022/02/bhs-3-sc3-conveyor.pdf,https://cdn0.iconfinder.com/data/icons/factory-garbage-waste-1/100/waste_sorting_conveyor_belt_industry_plant_burning-128.png
BHS 3 SFC2 CONVEYOR,https://bfapps75845438.wordpress.com/wp-content/uploads/2022/02/bhs-3-sfc-2-conveyor.pdf,https://cdn0.iconfinder.com/data/icons/manufacturing-process-1/100/manufacturing_conveyor_belt_car_products_factory_settings-256.png
BHS 3 SFC5 CONVEYOR,https://bfapps75845438.wordpress.com/wp-content/uploads/2022/02/bhs-3-sfc5-conveyor.pdf,https://cdn4.iconfinder.com/data/icons/cyber-buying-commerce-and-shipping/67/27-256.png
BHS 3 SFC6 CONVEYOR,https://bfapps75845438.wordpress.com/wp-content/uploads/2022/02/bhs-3-sfc-6-conveyor.pdf,https://cdn0.iconfinder.com/data/icons/logistic-82/55/5-256.png
BHS 3 SC2A CARRIAGE,https://bfapps75845438.wordpress.com/wp-content/uploads/2022/02/bhs3-sc2a-carriage.pdf,https://cdn3.iconfinder.com/data/icons/shipping-and-delivery-38/52/67-256.png
LRS 403 CRANE,https://bfapps75845438.wordpress.com/wp-content/uploads/2022/02/lrs-404.pdf,https://cdn3.iconfinder.com/data/icons/disaster-and-weather-conditions/48/67-256.png
LRS 404 CRANE,https://bfapps75845438.wordpress.com/wp-content/uploads/2022/02/lrs-403.pdf,https://cdn0.iconfinder.com/data/icons/logistics-rounded-volume-1/512/Container_Crane-128.png
PSY CRANES,https://bfapps75845438.wordpress.com/wp-content/uploads/2022/02/psy-cranes.pdf,https://cdn1.iconfinder.com/data/icons/timber-industry-1/512/g30788-256.png
SSY CRANES,https://bfapps75845438.wordpress.com/wp-content/uploads/2022/02/ssy-cranes.pdf,https://cdn4.iconfinder.com/data/icons/ships-boats/120/cargoship_bulk-2-512.png
PCM LADDLE TILTING WINCH,https://bfapps75845438.wordpress.com/wp-content/uploads/2022/02/tilting-winch.pdf,https://cdn4.iconfinder.com/data/icons/house-foundation-base-1/100/foundation_pouring_base_concrete_brick_building_broken-256.png
TILTING WINCH LOGIC,https://bfapps75845438.wordpress.com/wp-content/uploads/2022/02/ltw.pdf,https://cdn1.iconfinder.com/data/icons/manufacturing-flaticon/64/winch-construction_and_tools-hoist-construction_site-electronics-machinery-256.png
"PSY 1,2 &4 MAGNET",https://bfapps75845438.wordpress.com/wp-content/uploads/2022/02/psy-124-super-lift-magnet-power-drawing.pdf,https://cdn1.iconfinder.com/data/icons/transportation-330/100/Port_Crane-256.png
PSY 1&2 YESKAWA DRAWINGS,https://bfapps75845438.wordpress.com/wp-content/uploads/2022/02/psy-crane-12-yeskawa-drawings.pdf,https://cdn3.iconfinder.com/data/icons/junkyard-car-scrap-site/586/junkyard-006-256.png
SSY CRANE AMTECH VT240S VFD MANUAL,https://bfapps75845438.wordpress.com/wp-content/uploads/2022/06/ssy-crane-vfd-amtech-vt240s-manual.pdf,https://cdn4.iconfinder.com/data/icons/industrial-production-factory-automation-smart-ind/133/Control_Panel-256.png
SSY CRANE DELTA CH2000 VFD MANUAL,https://bfapps75845438.wordpress.com/wp-content/uploads/2022/06/ssy-crane-vfd-delta-ch2000-manual.pdf,https://cdn4.iconfinder.com/data/icons/industrial-production-factory-automation-smart-ind/133/Control_Panel-256.png
BF1 BLT JIB CRANE,https://bfapps75845438.wordpress.com/wp-content/uploads/2023/03/bf1-blt-jib-crane-hoist.pdf,https://cdn0.iconfinder.com/data/icons/logistics-rounded-volume-1/512/Container_Crane-128.png
Schneider SCADA software loading MANUAL,https://bfapps75845438.wordpress.com/wp-content/uploads/2024/02/schneider-scada-software-loading-manual.pdf,https://cdn3.iconfinder.com/data/icons/help-and-support-33/512/manual-wrench-guide-user_manual-book-128.png
Nitrogen PRS for BF1 2 3,https://bfapps75845438.wordpress.com/wp-content/uploads/2024/06/nitrogen-prs-for-bf1-2-3.pdf,https://cdn2.iconfinder.com/data/icons/power-and-energy-5/48/vector_685_20-1024.png